,Product,Prices
0,"Lifelong LLKS03 Foldable Kick Skating Cycle| Skate Scooter for Kids(Max User Weight: 50Kg) Kids Scooter (Pink, Blue)",₹679.00
1,"Lifelong PVC Hex Dumbbells Pack of 2 (5kg*2) Black Color for Home Gym Equipment Fitness Barbell|Gym Exercise|Home Workout, Gym Dumbbells|Dumbbells Weights for Men & Women (6 Months Warranty)",₹399.00
2,Lifelong LLYM92 Yoga mat for Women & Men EVA Material 4mm Grey Anti Slip for Gym Workout,₹189.00
3,Yonex Mavis 350 Green Cap Nylon Shuttlecock (Yellow),"₹1,079.00"
4,Slovic Pull up Bar for Home Kids [100 KG] | No Screw Pull Up Bar Wall Mounted with Anti-Skid Grip | Pull-up Bar for Home Workout | Gym Equipment for Home Workout (Length 62-100 CM),₹549.00
5,"Kidsmate Cruiser Kick Scooter for Kids with Broad Wheels | 3-Wheel Skate Scooter for Boys & Girls of Ages 2-12 Years | 5-Level Adjustable Height, and Easy Fold Design Scooter for Kids (Black)",₹679.00
6,"amazon basics Rubber Encased Hex Dumbbell Weight Set Of 2, 5 Kg,Black","₹1,199.00"
7,"Amazon Brand - Symactive Pvc 10 Kg Fixed Dumbbells Set For Full Body Workout (Set Of 2, 5 Kg) Black",₹349.00
8,"Boldfit Mumbai Indians Official Merchandise Adjustable Hand Grip Strengthener, Plastic Gripper for Men&Women for Gym Hand Exercise Equipment to Use in Home for Forearm Exercise Power Gripper",₹99.00
9,"AllExtreme CYL-06-T Multi-Purpose Bike Chain Cleaner Brush with Soft & Long Bristles Ideal for Quick Cleaning of Cycles, Motorcycles (Blue)",₹110.00
10,"Eveready HL58, Rechargeable 4.8W Emergency Lantern, Overcharge & Deep Discharge Protection, Easy Plug & Play Charging, 360° Lighting",₹580.00
11,"PowerMax Fitness TDM-98 4HP Foldable Motorized Manual Incline Treadmill for Home Use, 110kg Max User, Max Speed-10kmph, Preset programs, Heart Rate Sensors, AUX, Speaker, USB, LED Display,Black","₹14,999.00"
12,"Boldfit Gym Gloves for Men & Women with Wrist Support Accessories for Weightlifting, Training, Exercise, Cycling Gloves, Bike Riding Gloves- Warrior -L, Polycotton Blend, Black, Large (8"" - 8.5"")",₹269.00
13,"Nivia Storm Football - Size 5 (White), Rubber",₹249.00
14,"Lifelong Protein Shaker|100% Leakproof Stylish Protein Shaker Bottle|Sipper Bottle|Gym Bottle for Protein- 700ml (LLSHB04, Black) |Plastic",₹88.00
15,"Boldfit Heavy Resistance Band for Exercise & Stretching, Pull Up Band Suitable in Home & Gym Workout, Power Bands for Men & Women. (Yellow 3-7kg Resistances)(Material: Natural Rubber)",₹139.00
16,Boldfit Wrist Band for Gym Workout Wrist Support for Gym Straps for Men Hand Band Strap for Man Accessories for Men Workout Wrists Supporter wrap for Man Workouts Accessories for Women Hand Wraps,₹151.00
17,"Boldfit Resistance Bands Mini Loop Set (Pack of 3) Hip / Toning Exercise for Gym Booty Belt / Latex / Thera / for Fitness, Multicolor, (RMiniloopLightSet3)",₹329.00
18,"Boldfit Resistance Tube with Foam Handles, Door Anchor for Exercise & Stretching, Suitable in Home & Gym Workout for Men & Women-15kg-Black",₹189.00
19,"AMZTOP Mini Hand Tally Counter Finger Ring Digital Electronic Head Count,Japa Counter Counting Machine For Mantra Jap And Cricket Umpire And Various Counting Purpose Small (Color May Vary)",₹47.00
20,"Lifelong Walking Pad Treadmill for Home 2.5Hp Peak Dc Motor- Foldable Under Desk Treadmill-Walking Machine at 8Km/Hr Speed with Led Display-Cardio Equipment for Home Gym 110Kg Capacity(Lltm163),Black","₹8,899.00"
21,Boldfit Wrist Band for Gym Workout Wrist Support for Gym Straps for Men Hand Band Strap for Man Accessories for Men Workout Wrists Supporter wrap for Man Workouts Accessories for Women Hand Wraps,₹149.00
22,"Yonex Badminton Racquet Astrox Attack 9 Turquoise Green G4 4U(80GMS-32LBS)(Made in India), Graphite","₹1,249.00"
23,"CLYVANE Stainless Steel Self-Defense Foldable Pointer & Safety Hiking Stick, Extendable Safety Wand with Non-Slip Grip & Nylon Pouc",₹368.00
24,"Boldfit Resistance Bands for Workout for Women Pilate Bands for Home Exercise Thera Band Toning Exercise for Gym Latex Band Theraband for Fitness, Stretching, Yoga for Men & Women (Light) 1.8 Kg Red",₹183.00
25,Boldfit Yoga Mats For Women and Men Exercise For Home Workout Gym Anti Slip EVA Material Yoga Mat 4Mm For Kids Gym Mats - Green,₹249.00
26,"Bodyband Hand Grip Workout Strengthener, Adjustable Hand Gripper for Men & Women for Gym Workout Hand Exercise Equipment to Use in Home for Forearm Exercise, Finger Power Gripper",₹79.00
27,Boldfit Pull Up Bars For Home Workout Chin Up Bar Gym Accessories for Men Door Way Adjustable Hanging Rod,₹999.00
